{
    "step": [
        1,
        5001,
        10001,
        15001,
        20001,
        25001,
        30001,
        35001,
        40001,
        45001,
        50001,
        55001,
        60001,
        65001,
        70001,
        75001,
        80001,
        85001,
        90001,
        95001,
        100001,
        105001,
        110001,
        115001,
        120001,
        125001,
        130001,
        135001,
        140001,
        145001,
        150001,
        155001,
        160001,
        165001,
        170001,
        175001,
        180001,
        185001,
        190001,
        195001,
        200001,
        205001,
        210001,
        215001,
        220001,
        225001,
        230001,
        235001,
        240001,
        245001,
        250001,
        255001,
        260001,
        265001,
        270001,
        275001,
        280001,
        285001,
        290001,
        295001,
        300001,
        305001,
        310001,
        315001,
        320001,
        325001,
        330001,
        335001,
        340001,
        345001,
        350001,
        355001,
        360001,
        365001,
        370001,
        375001,
        380001,
        385001,
        390001,
        395001,
        400001,
        405001,
        410001,
        415001,
        420001,
        425001,
        430001,
        435001,
        440001,
        445001,
        450001,
        455001,
        460001,
        465001,
        470001,
        475001,
        480001,
        485001,
        490001,
        495001,
        500001,
        505001,
        510001
    ],
    "d4rl_normalized_score": [
        2.2422734026467555,
        2.530454433900551,
        7.708378628778412,
        11.129084160423881,
        15.284616443214574,
        14.653664842813715,
        33.001758036757806,
        35.267355552333356,
        35.95629601662688,
        36.059764048057225,
        43.41342631262084,
        25.363984145234227,
        23.838953309096585,
        38.587744857764655,
        40.16254447250224,
        43.620973711736774,
        41.48595585694098,
        36.05185611792545,
        36.89163219720059,
        46.203729691842085,
        47.61089805007899,
        43.73838758238131,
        33.89363625760954,
        47.42990849193766,
        45.69698687343123,
        46.29047401026523,
        38.14933173858752,
        48.257838748417186,
        42.78410787639082,
        46.359340760188104,
        43.25411985069288,
        48.926706549650504,
        43.83305324175903,
        45.63958460230301,
        46.897097146281865,
        49.31434290914664,
        42.65056952708189,
        43.152806719284726,
        49.213380011301496,
        49.46299914296745,
        50.28124455836007,
        51.62870520378995,
        47.18503976655452,
        49.47172318028564,
        51.112776329728604,
        45.34682193735205,
        49.200070124739035,
        47.615098601866364,
        41.89093381463865,
        37.96286826300432,
        41.95694664318674,
        49.18602159243781,
        50.0204367936362,
        47.038837007744206,
        40.527027422204455,
        47.313325118655385,
        46.077402528058045,
        39.15941886039764,
        43.37106191992724,
        47.81687252966064,
        51.13934930824634,
        41.15847924493994,
        49.297110604783796,
        45.794123725083615,
        45.49834893116578,
        41.77515257160476,
        46.13047539955549,
        51.87651005673211,
        40.47049953811308,
        50.68310718593657,
        45.22611898889523,
        48.936191261269975,
        50.787894404103525,
        45.93958172044823,
        50.1808513921351,
        49.387993935733974,
        50.102317136212484,
        50.90486972305367,
        51.381978123061614,
        48.51208129547371,
        48.337720922183934,
        50.06259508694423,
        48.95158694799257,
        50.89743366291574,
        42.4449601418429,
        49.50889159071272,
        45.82542405748327,
        52.95673208375419,
        44.480632385892896,
        48.24770689845731,
        42.17786237098155,
        50.8715248307945,
        38.31369492160335,
        47.59789861041699,
        45.91391244779892,
        45.948697827605294,
        51.461318899780764,
        45.85146131981702,
        42.2765486266754,
        49.00962883614831,
        48.852729085264635,
        47.60515153489718,
        49.9891976428223
    ]
}