{
    "step": [
        1
    ],
    "value_loss": [
        0.006206053774803877
    ],
    "q_loss": [
        8.1795015335083
    ],
    "actor_loss": [
        8.037544250488281
    ]
}