{
    "step": [
        1,
        5001,
        10001,
        15001,
        20001,
        25001,
        30001,
        35001,
        40001,
        45001,
        50001,
        55001,
        60001,
        65001
    ],
    "d4rl_normalized_score": [
        0.9863963489998726,
        12.170382278810935,
        40.07175863379697,
        12.940137887202487,
        16.780918484191577,
        20.645306199329745,
        7.025127458315156,
        8.002117343838826,
        23.099562440571322,
        46.42084642610856,
        22.366654540346538,
        23.1397941598888,
        31.60947542045679,
        31.308134633036328
    ]
}