{
    "step": [
        1,
        1001,
        2001,
        3001,
        4001,
        5001,
        6001,
        7001,
        8001,
        9001,
        10001,
        11001,
        12001,
        13001,
        14001,
        15001,
        16001,
        17001,
        18001,
        19001,
        20001,
        21001,
        22001,
        23001,
        24001,
        25001,
        26001,
        27001,
        28001,
        29001,
        30001,
        31001,
        32001,
        33001,
        34001,
        35001,
        36001,
        37001,
        38001,
        39001,
        40001,
        41001,
        42001,
        43001,
        44001,
        45001,
        46001,
        47001,
        48001,
        49001,
        50001,
        51001,
        52001,
        53001,
        54001,
        55001,
        56001,
        57001,
        58001,
        59001,
        60001,
        61001,
        62001,
        63001,
        64001,
        65001,
        66001
    ],
    "critic_loss": [
        11.440933227539062,
        0.05229868367314339,
        0.11706182360649109,
        3.703726291656494,
        0.3985288143157959,
        0.6616333723068237,
        0.5397946834564209,
        3.2805631160736084,
        20.558565139770508,
        4.978540897369385,
        1.673455834388733,
        8.435762405395508,
        3.2249040603637695,
        4.431309223175049,
        3.171029567718506,
        3.8211493492126465,
        5.178496360778809,
        3.6250014305114746,
        5.06015682220459,
        6.7674150466918945,
        6.489357948303223,
        5.961819171905518,
        5.5170488357543945,
        61.21888732910156,
        10.15971565246582,
        6.951796531677246,
        7.710740089416504,
        18.01090431213379,
        13.655020713806152,
        9.259761810302734,
        10.79151725769043,
        18.11285972595215,
        9.937582015991211,
        17.461360931396484,
        11.403061866760254,
        68.11708068847656,
        12.633554458618164,
        41.720542907714844,
        21.186586380004883,
        13.754634857177734,
        15.07026481628418,
        15.500316619873047,
        17.343807220458984,
        16.496910095214844,
        14.100364685058594,
        13.30689525604248,
        19.100452423095703,
        19.33428955078125,
        13.137590408325195,
        14.936674118041992,
        11.770833969116211,
        21.027442932128906,
        15.246609687805176,
        16.564979553222656,
        19.66655158996582,
        19.417285919189453,
        15.993088722229004,
        15.251471519470215,
        21.628284454345703,
        192.950439453125,
        20.331201553344727,
        19.59796142578125,
        177.9298858642578,
        43.1278076171875,
        21.481815338134766,
        19.31216049194336,
        14.577134132385254
    ]
}