{"cat_error": {"mean": 0.015828130738156445, "std": 0.005116275693821982}, "cont_error": {"mean": 0.027092601265652022, "std": 0.0002615863229308207}, "cont_cont_error": {"mean": 0.056360064023410025, "std": 0.0005850750048883097}, "cat_cont_error": {"mean": 0.04579310927053533, "std": 0.005060557885782714}}