{
    "step": [
        1,
        1001,
        2001,
        3001,
        4001
    ],
    "critic_loss": [
        12.558900833129883,
        0.05555499345064163,
        0.14883117377758026,
        0.22641563415527344,
        0.47130000591278076
    ]
}