{
    "step": [
        1,
        5001,
        10001,
        15001,
        20001
    ],
    "d4rl_normalized_score": [
        2.2374962423899367,
        2.339962914193077,
        5.926664321700241,
        3.7738074051217763,
        8.950578252315838
    ]
}