{
    "step": [
        1,
        1001,
        2001,
        3001,
        4001,
        5001,
        6001,
        7001,
        8001,
        9001,
        10001,
        11001,
        12001,
        13001,
        14001,
        15001,
        16001,
        17001,
        18001,
        19001,
        20001,
        21001,
        22001,
        23001,
        24001
    ],
    "critic_loss": [
        31.01772117614746,
        0.38862624764442444,
        1.041756272315979,
        1.5634398460388184,
        4.417240142822266,
        5.3427629470825195,
        9.398008346557617,
        9.657968521118164,
        11.805980682373047,
        20.923076629638672,
        20.319374084472656,
        17.518070220947266,
        32.600685119628906,
        26.87529945373535,
        27.888513565063477,
        39.04335403442383,
        31.843761444091797,
        51.96674346923828,
        33.598731994628906,
        34.84355926513672,
        41.007198333740234,
        48.302276611328125,
        49.98754119873047,
        41.90990447998047,
        49.375972747802734
    ]
}